id,timestamp,caption,url,videoDuration,videoPlayCount,videoUrl,videoViewCount,caption_cleaned
3446184458975774743,2024-08-30T17:00:00.000Z,"I THOUGHT WE DECIDED ON MIDDLE PART??? ARE WE SIDE PART GIRLIES AGAIN??

üì∫: pop star academy: katseye",https://www.instagram.com/p/C_TToG7uQgX/,31.114,876038.0,https://instagram.fbrs4-1.fna.fbcdn.net/o1/v/t16/f2/m69/An_B4ZjUNn6UJSQlz0y7GW3noekf0yHHqtE1s8POpcMqX2_Myhci0NA0HP3ooGJsIBky3roKNpIOwhk3ClKlgyg.mp4?stp=dst-mp4&efg=eyJxZV9ncm91cHMiOiJbXCJpZ193ZWJfZGVsaXZlcnlfdnRzX290ZlwiXSIsInZlbmNvZGVfdGFnIjoidnRzX3ZvZF91cmxnZW4uY2xpcHMuYzIuMTA4MC5iYXNlbGluZSJ9&_nc_cat=100&vs=2442819906069945_3314296478&_nc_vs=HBksFQIYOnBhc3N0aHJvdWdoX2V2ZXJzdG9yZS9HRlJwVFJNQ3dIY29QYjhEQUFpeF9Kb1ZJQTUzYnBSMUFBQUYVAALIAQAVAhg6cGFzc3Rocm91Z2hfZXZlcnN0b3JlL0dJcktSaHRIeHhSYU9MWUNBSVZka0ota3hzd3VicV9FQUFBRhUCAsgBACgAGAAbABUAACb44ZWSk7fTPxUCKAJDMywXQD8dLxqfvncYFmRhc2hfYmFzZWxpbmVfMTA4MHBfdjERAHX%2BBwA%3D&_nc_rid=fccc82b146&ccb=9-4&oh=00_AYDN7pWfhTaDiIKH0-tJo_j-c8XcUQJTDDroQkHUwghjFg&oe=66D4CBE4&_nc_sid=10d13b,238656.0,h u g h w e e c e n l e p r r e w e e p r g r l e g n pop star academi katsey
3446245079855598262,2024-08-30T19:00:00.000Z,"i def wouldn‚Äôt have guessed these icons for them but im obsessed

üì∫: incoming, now playing",https://www.instagram.com/p/C_ThaQhuwq2/,58.808,869805.0,https://instagram.flim13-1.fna.fbcdn.net/o1/v/t16/f2/m69/An9G8zxjDbeRt4Tu-BvyHGl1HQCZng6lmOrOv8z0KzFEUe4BVg6nVFOwzc3v4iGfSF9jb1L6G3bwrqyam3qcpw4.mp4?stp=dst-mp4&efg=eyJxZV9ncm91cHMiOiJbXCJpZ193ZWJfZGVsaXZlcnlfdnRzX290ZlwiXSIsInZlbmNvZGVfdGFnIjoidnRzX3ZvZF91cmxnZW4uY2xpcHMuYzIuMTA4MC5iYXNlbGluZSJ9&_nc_cat=110&vs=822454356758158_1840543998&_nc_vs=HBksFQIYOnBhc3N0aHJvdWdoX2V2ZXJzdG9yZS9HSGlfSHhPaGlicGh6TEVEQUFwN0RXMWJzLThxYnBSMUFBQUYVAALIAQAVAhg6cGFzc3Rocm91Z2hfZXZlcnN0b3JlL0dKWG1RaHQxTERfVFJMZ0JBRXBKbGE2NFA2b0dicV9FQUFBRhUCAsgBACgAGAAbABUAACbsl6%2FYgu%2F2QBUCKAJDMywXQE1nbItDlYEYFmRhc2hfYmFzZWxpbmVfMTA4MHBfdjERAHX%2BBwA%3D&_nc_rid=3f2f4c5f67&ccb=9-4&oh=00_AYDcHUFhsxYFEE1xYtKBYlmmtNcY7a-Uq5vSRVMYEiqx0A&oe=66D4A022&_nc_sid=10d13b,180395.0,
3445416227018257875,2024-08-29T16:00:16.000Z,"we spent one day with jeff goldblum and it was ‚ú®chaos‚ú®

üì∫ KAOS is now playing on Netflix",https://www.instagram.com/p/C_Qk83KyjXT/,89.2,786743.0,https://scontent-atl3-2.cdninstagram.com/o1/v/t16/f2/m69/An_o9cpkp9ELfODZAHHeTbqMLQxNEAGi9NgHSHztVD_tS9RcWoEh8ZskOGBmrULk6LdRFJV8HFDNQkx_7ATKv-pG.mp4?stp=dst-mp4&efg=eyJxZV9ncm91cHMiOiJbXCJpZ193ZWJfZGVsaXZlcnlfdnRzX290ZlwiXSIsInZlbmNvZGVfdGFnIjoidnRzX3ZvZF91cmxnZW4uY2xpcHMuYzIuMTA4MC5iYXNlbGluZSJ9&_nc_cat=105&vs=512917958181939_2544350278&_nc_vs=HBksFQIYOnBhc3N0aHJvdWdoX2V2ZXJzdG9yZS9HS3JqMFJQOFR5VVN0QmdEQUxkZGQ2d1B2bDhHYnBSMUFBQUYVAALIAQAVAhg6cGFzc3Rocm91Z2hfZXZlcnN0b3JlL0dKaGFPaHNhN2gzTEgtWUNBS3BfQ2MxYW9odGRicV9FQUFBRhUCAsgBACgAGAAbABUAACbE29GUjcaQQBUCKAJDMywXQFZMzMzMzM0YFmRhc2hfYmFzZWxpbmVfMTA4MHBfdjERAHX%2BBwA%3D&_nc_rid=cd1ac6df43&ccb=9-4&oh=00_AYDfEcJG7q1ucdngoAeVDlbmnOMi3NJApkRrkFXYHX2phA&oe=66D4B460&_nc_sid=10d13b,205014.0,k play netflix
3445432816236459008,2024-08-29T17:30:03.000Z,these rules from co-host rob riggle are blowing my mind. CHESTNUT VS. KOBAYASHI: UNFINISHED BEEF will be LIVE on september 2 at 12pm PT/3pm ET,https://www.instagram.com/p/C_QouRFP3QA/,89.301,401663.0,https://scontent-bos5-1.cdninstagram.com/o1/v/t16/f2/m69/An8MvF_Lq9Q1fPoqMCy1yz5zNLEifXMy_1Y8_us420VLbUa0Mhy2GFTvTdZUbAn_va8Xto9WCSE9rX0fKlxxLNc.mp4?stp=dst-mp4&efg=eyJxZV9ncm91cHMiOiJbXCJpZ193ZWJfZGVsaXZlcnlfdnRzX290ZlwiXSIsInZlbmNvZGVfdGFnIjoidnRzX3ZvZF91cmxnZW4uY2xpcHMuYzIuMTA4MC5iYXNlbGluZSJ9&_nc_cat=104&vs=1535425077072734_1818937085&_nc_vs=HBksFQIYOnBhc3N0aHJvdWdoX2V2ZXJzdG9yZS9HUGE3THhNWTFSNjl3VjRFQUhvbVZYYms2REE4YnBSMUFBQUYVAALIAQAVAhg6cGFzc3Rocm91Z2hfZXZlcnN0b3JlL0dOcGtQeHVIVTlYcUJlWUJBT0NWVlpvbUhkUUxicV9FQUFBRhUCAsgBACgAGAAbABUAACagi%2Fuw0ZvIQRUCKAJDMywXQFZTAgxJul4YFmRhc2hfYmFzZWxpbmVfMTA4MHBfdjERAHX%2BBwA%3D&_nc_rid=bbc0c04f91&ccb=9-4&oh=00_AYBQySV8nPF6MuPeFTgXGQMxGPb04D7acUx6w_MrT0zCqg&oe=66D4BDD2&_nc_sid=10d13b,48171.0,c h e n u v k b h u n f n h e b e e f l v e septemb 2 12pm p t3pm e
3445442098814940719,2024-08-29T18:30:03.000Z,"omg the memories this bring up is too much

üì∫: incoming",https://www.instagram.com/p/C_Qq1WKCnYv/,49.591,1720491.0,https://scontent-cdg4-2.cdninstagram.com/o1/v/t16/f2/m69/An_vhiT0bsGbzC7bgJrUqnCuqxUC31MXj8r4maadFdiLMGwgP6pn1XPpv97klHd4mH8XTM_9BwMNZ10tfojf4Eox.mp4?stp=dst-mp4&efg=eyJxZV9ncm91cHMiOiJbXCJpZ193ZWJfZGVsaXZlcnlfdnRzX290ZlwiXSIsInZlbmNvZGVfdGFnIjoidnRzX3ZvZF91cmxnZW4uY2xpcHMuYzIuMTA4MC5iYXNlbGluZSJ9&_nc_cat=101&vs=1197558361489697_1193725345&_nc_vs=HBksFQIYOnBhc3N0aHJvdWdoX2V2ZXJzdG9yZS9HSFNZSkFleXFuSWphcWNCQUdQdEFOaUlpS05vYnBSMUFBQUYVAALIAQAVAhg6cGFzc3Rocm91Z2hfZXZlcnN0b3JlL0dEcWhRaHRRMTFIXzh3c0ZBT1VBbUVQdlBFbExicV9FQUFBRhUCAsgBACgAGAAbABUAACa8%2BdfI7oatQBUCKAJDMywXQEjLpeNT988YFmRhc2hfYmFzZWxpbmVfMTA4MHBfdjERAHX%2BBwA%3D&_nc_rid=f5a4292e41&ccb=9-4&oh=00_AYDSP8Gr2O9oHSolctz1sTIc6pIUfqKQ4C5Sv710omcpXQ&oe=66D4C148&_nc_sid=10d13b,421450.0,
3445369308742761197,2024-08-29T14:02:32.000Z,"You think falling for the wrong person is hard, try falling for the right person‚Ä¶ Nobody Wants This is coming to Netflix on Sept 26!",https://www.instagram.com/p/C_QaSHHpTrt/,171.379,6639069.0,https://scontent-hou1-1.cdninstagram.com/o1/v/t16/f2/m69/An_sv7sw7bRc6FVsDqE8PahrmdOeFP9iB1N60bfRUxpZHeHNbLVVdenNLGQgP11HgamOweoPWgQEpCOzzo5EGgQ.mp4?stp=dst-mp4&efg=eyJxZV9ncm91cHMiOiJbXCJpZ193ZWJfZGVsaXZlcnlfdnRzX290ZlwiXSIsInZlbmNvZGVfdGFnIjoidnRzX3ZvZF91cmxnZW4uY2xpcHMuYzEuMTA4MC5iYXNlbGluZSJ9&_nc_cat=100&vs=878676170816489_3443284922&_nc_vs=HBksFQIYOnBhc3N0aHJvdWdoX2V2ZXJzdG9yZS9HRmtQZ0FMT2FwM2tyaThCQU4zb2YyRFRxanczYnBSMUFBQUYVAALIAQAVAhg6cGFzc3Rocm91Z2hfZXZlcnN0b3JlL0dQS1FSaHRZekFtamNxWURBRHpaRFNPQVlTWnRicV9FQUFBRhUCAsgBACgAGAAbABUAACagsMbUj7CZQBUCKAJDMywXQGVsIMSbpeMYFmRhc2hfYmFzZWxpbmVfMTA4MHBfdjERAHX%2BBwA%3D&_nc_rid=c3fc25c91e&ccb=9-4&oh=00_AYCPVLM3P5zFOzmUtHvMFcebELG13HZGlYr1dFV-uHNspA&oe=66D4A898&_nc_sid=10d13b,2834089.0,think fall wrong person hard tri fall right person nobodi want come netflix sept 26
3444773793785154783,2024-08-28T20:00:02.000Z,time to rate the internet's fave foods with two of the world's top competitive eaters. CHESTNUT vs. KOBAYASHI: UNFINISHED BEEF is live on netflix on september 2 at 12pm PT/3pm ET!,https://www.instagram.com/p/C_OS4OmI4zf/,83.136,799409.0,https://scontent-mrs2-3.cdninstagram.com/o1/v/t16/f2/m69/An8ZwzgUYLhiL6ffRLSL4CSXGsSOrFp_EiVkl2q8j9mfubr-n-LTIQ6WHPf_tGQzAVA5t4ooLPo781uU5SZnogaJ.mp4?stp=dst-mp4&efg=eyJxZV9ncm91cHMiOiJbXCJpZ193ZWJfZGVsaXZlcnlfdnRzX290ZlwiXSIsInZlbmNvZGVfdGFnIjoidnRzX3ZvZF91cmxnZW4uY2xpcHMuYzIuMTA4MC5iYXNlbGluZSJ9&_nc_cat=102&vs=1027473909109843_3662788821&_nc_vs=HBksFQIYOnBhc3N0aHJvdWdoX2V2ZXJzdG9yZS9HTTd0U3dmaldabHRTWmtEQUZBbGNZY184M3NjYnBSMUFBQUYVAALIAQAVAhg6cGFzc3Rocm91Z2hfZXZlcnN0b3JlL0dQdmtQaHZudlgtRnROTUJBREZRUkR3STV5b3FicV9FQUFBRhUCAsgBACgAGAAbABUAACaciNm5vubuQBUCKAJDMywXQFTH752yLQ4YFmRhc2hfYmFzZWxpbmVfMTA4MHBfdjERAHX%2BBwA%3D&_nc_rid=810e8b1c67&ccb=9-4&oh=00_AYCyk0rIGSkytWWgMI5SgcScAkyo1ZVR75hrfwU225hazw&oe=66D4ACE1&_nc_sid=10d13b,181423.0,c h e n u vs k b h u n f n h e b e e f live netflix septemb 2 12pm p t3pm e
3444795132039899893,2024-08-28T19:00:00.000Z,STILL IN SHOCK,https://www.instagram.com/p/C_OXuvZO6r1/,55.44,572494.0,https://scontent-ord5-2.cdninstagram.com/o1/v/t16/f2/m69/An_y7LFpiu7zgxdKCXYklthmP_OyYfWz_5pez63EwT-5xRVUMiLUphjiq7Bknf29RqJsg0IFuc9bXV1PP_QeHFxf.mp4?stp=dst-mp4&efg=eyJxZV9ncm91cHMiOiJbXCJpZ193ZWJfZGVsaXZlcnlfdnRzX290ZlwiXSIsInZlbmNvZGVfdGFnIjoidnRzX3ZvZF91cmxnZW4uY2xpcHMuYzIuMTA4MC5iYXNlbGluZSJ9&_nc_cat=110&vs=474715338777416_3129430390&_nc_vs=HBksFQIYOnBhc3N0aHJvdWdoX2V2ZXJzdG9yZS9HTVY4MFFJMlNOeTczV2NNQUZEMVpBalotOElrYnBSMUFBQUYVAALIAQAVAhg6cGFzc3Rocm91Z2hfZXZlcnN0b3JlL0dNb1JReHZHUVJOcl9VRUZBREk2dXBzeXlnd0dicV9FQUFBRhUCAsgBACgAGAAbABUAACb%2B2eu%2BytL0PxUCKAJDMywXQEu4UeuFHrgYFmRhc2hfYmFzZWxpbmVfMTA4MHBfdjERAHX%2BBwA%3D&_nc_rid=793a129ea4&ccb=9-4&oh=00_AYAcDVQJ5PsbiY7FG2zwwcFrlnbVJiSdo4baVIkunNvmiQ&oe=66D4ADAD&_nc_sid=10d13b,102924.0,l l n h c k
3445309235942796784,2024-08-29T13:00:03.000Z,"brb gotta go make sure the apocalypse happens

üì∫: terminator zero, now playing",https://www.instagram.com/p/C_QMn79vi3w/,74.368,534510.0,https://instagram.flko7-3.fna.fbcdn.net/o1/v/t16/f2/m69/An_ImIta0tQ7TZ6RcV07nOpqok_0AHvpplifE8Esbv3yXBDFXKx5H6dtBNOJgkDTnYL7VQjencjZRns2BE4FA7lL.mp4?stp=dst-mp4&efg=eyJxZV9ncm91cHMiOiJbXCJpZ193ZWJfZGVsaXZlcnlfdnRzX290ZlwiXSIsInZlbmNvZGVfdGFnIjoidnRzX3ZvZF91cmxnZW4uY2xpcHMuYzIuMTA4MC5iYXNlbGluZSJ9&_nc_cat=108&vs=1036742660974775_3197811753&_nc_vs=HBksFQIYOnBhc3N0aHJvdWdoX2V2ZXJzdG9yZS9HTHEtNlFKUEh3YVpQWWNCQUdTYnRBS1d3RFpaYnBSMUFBQUYVAALIAQAVAhg6cGFzc3Rocm91Z2hfZXZlcnN0b3JlL0dIQ05ReHRvNXdhdElFNGNBTGZaVXpmaDBac3BicV9FQUFBRhUCAsgBACgAGAAbABUAACbOoN%2BQn%2FidQBUCKAJDMywXQFKXXCj1wo8YFmRhc2hfYmFzZWxpbmVfMTA4MHBfdjERAHX%2BBwA%3D&_nc_rid=2a360feab7&ccb=9-4&oh=00_AYDJZ4ygKJkG31bwDZE6ZBMyNrfCMzrHtay9zslqNRskQw&oe=66D4D276&_nc_sid=10d13b,88466.0,
3445396769213246353,2024-08-29T15:00:03.000Z,the pogues are coming home this fall!!! OUTER BANKS: SEASON 4 returns with part 1 on october 10 and part 2 on november 7,https://www.instagram.com/p/C_QghtrO-uR/,51.549,4484372.0,https://instagram.frak4-1.fna.fbcdn.net/o1/v/t16/f2/m69/An--DbmyXqyO-8vRuS-R05IViZ2Ze4qOKHpVPWKUSMR5qA2yjrUfVp0cw4fuFXERpLrvihkFxhUI01SHzyX1dKDL.mp4?stp=dst-mp4&efg=eyJxZV9ncm91cHMiOiJbXCJpZ193ZWJfZGVsaXZlcnlfdnRzX290ZlwiXSIsInZlbmNvZGVfdGFnIjoidnRzX3ZvZF91cmxnZW4uY2xpcHMuYzIuMTA4MC5iYXNlbGluZSJ9&_nc_cat=100&vs=2325574027783420_3283668771&_nc_vs=HBksFQIYOnBhc3N0aHJvdWdoX2V2ZXJzdG9yZS9HT3VTTlFmTlRZdURGRE1HQUxaaUtJZmNVbDhMYnBSMUFBQUYVAALIAQAVAhg6cGFzc3Rocm91Z2hfZXZlcnN0b3JlL0dMaGJReHRkOFFrOUxuc0ZBSXdGbUg4Ym14NFJicV9FQUFBRhUCAsgBACgAGAAbABUAACaS2%2Bmzz4XbPxUCKAJDMywXQEnGRaHKwIMYFmRhc2hfYmFzZWxpbmVfMTA4MHBfdjERAHX%2BBwA%3D&_nc_rid=b18d50d2eb&ccb=9-4&oh=00_AYABR1twyLqQ05RMVemwpaEKn5znCdNJUVqhuLkzjSBvDw&oe=66D4C0A8&_nc_sid=10d13b,994164.0,u e r b n k e n 4 return part 1 octob 10 part 2 novemb 7
3444704681018299152,2024-08-28T16:00:57.000Z,"When America needed hope, they delivered.
The Six Triple Eight, starring Kerry Washington, comes to Netflix December 20.",https://www.instagram.com/p/C_ODKgUOJMQ/,77.042,1069255.0,https://scontent-gru1-2.cdninstagram.com/o1/v/t16/f2/m69/An-a0L-rZDWdzDkMbweqY-ngVeibukphXsCNF_mCIf84ekP5Aq-tgx06l2ampPLx-YWzCCVUk_cxqVOyFZlyHW5J.mp4?stp=dst-mp4&efg=eyJxZV9ncm91cHMiOiJbXCJpZ193ZWJfZGVsaXZlcnlfdnRzX290ZlwiXSIsInZlbmNvZGVfdGFnIjoidnRzX3ZvZF91cmxnZW4uY2xpcHMuYzIuMTA4MC5iYXNlbGluZSJ9&_nc_cat=108&vs=548564210837637_3624899133&_nc_vs=HBksFQIYOnBhc3N0aHJvdWdoX2V2ZXJzdG9yZS9HS1BwTHdPNk01VXpUUTBEQUNpQTlSdVlaaGRoYnBSMUFBQUYVAALIAQAVAhg6cGFzc3Rocm91Z2hfZXZlcnN0b3JlL0dNeG5SQnYzS24xdjVGMEJBT08wRXpmNUs5dHFicV9FQUFBRhUCAsgBACgAGAAbABUAACayt%2BrSls7IQRUCKAJDMywXQFNCPXCj1woYFmRhc2hfYmFzZWxpbmVfMTA4MHBfdjERAHX%2BBwA%3D&_nc_rid=0fd923b48b&ccb=9-4&oh=00_AYCJ2LaISHmMdqMK5sapiL1Q_DXHACarEFwliStByYvFSA&oe=66D4C346&_nc_sid=10d13b,289662.0,america need hope deliv six tripl eight star kerri washington come netflix decemb 20
3444643430733117159,2024-08-28T14:00:09.000Z,"jimmy butler. anthony edwards. lebron james. domantas sabonis. jayson tatum.

STARTING 5, a new netflix sports series following their 2023-24 season on and off the court, is coming october 9",https://www.instagram.com/p/C_N1PMiuvbn/,46.671,10292508.0,https://scontent-bos5-1.cdninstagram.com/o1/v/t16/f2/m69/An8A2DZupk20UuDvOk-k0l4y49OqAm8jsvHB85wOv3l-u6u8KuBNLv6QdOJyZAE3EEQ4m5t0mCG_SoAqd-jQYsKF.mp4?stp=dst-mp4&efg=eyJxZV9ncm91cHMiOiJbXCJpZ193ZWJfZGVsaXZlcnlfdnRzX290ZlwiXSIsInZlbmNvZGVfdGFnIjoidnRzX3ZvZF91cmxnZW4uY2xpcHMuYzIuMTA4MC5iYXNlbGluZSJ9&_nc_cat=106&vs=1536277723646849_1940222950&_nc_vs=HBksFQIYOnBhc3N0aHJvdWdoX2V2ZXJzdG9yZS9HUDBHdFFKbDBaWE1McklMQU5aazI5Q1UtM2RSYnBSMUFBQUYVAALIAQAVAhg6cGFzc3Rocm91Z2hfZXZlcnN0b3JlL0dIak1RaHRmbXhSeWFKc0ZBQUhwclJ3am56OWticV9FQUFBRhUCAsgBACgAGAAbABUAACaMyrnMzf6KQBUCKAJDMywXQEdV41P3ztkYFmRhc2hfYmFzZWxpbmVfMTA4MHBfdjERAHX%2BBwA%3D&_nc_rid=5e7af7fbb3&ccb=9-4&oh=00_AYCKB1dNQTejQTBIn6bW2kNmR3VUdJjXYDoNXF2aI1K7wg&oe=66D4B0DA&_nc_sid=10d13b,2431882.0,r n g 5 new netflix sport seri follow 202324 season court come octob 9
3443140961965108866,2024-08-26T13:00:06.000Z,There's no place like Rome...Emily in Paris Season 4: Part 2 premieres on September 12,https://www.instagram.com/p/C_IfnZdhu6C/,135.811,3637746.0,https://instagram.fdet3-1.fna.fbcdn.net/o1/v/t16/f2/m69/An-THlgYOYOx4wOZ_1rLkMQGiml7bm_iOwhFET2aL-FwxJdd0oL9FQW18jAIYFVuWONoidlWsatQzNpxQOn2tvI.mp4?stp=dst-mp4&efg=eyJxZV9ncm91cHMiOiJbXCJpZ193ZWJfZGVsaXZlcnlfdnRzX290ZlwiXSIsInZlbmNvZGVfdGFnIjoidnRzX3ZvZF91cmxnZW4uY2xpcHMuYzIuMTA4MC5iYXNlbGluZSJ9&_nc_cat=102&vs=2719232908257027_4288482475&_nc_vs=HBksFQIYOnBhc3N0aHJvdWdoX2V2ZXJzdG9yZS9HRUdfX1FMRmZsY2g5X0VjQUJnZUZFR054eUpGYnBSMUFBQUYVAALIAQAVAhg6cGFzc3Rocm91Z2hfZXZlcnN0b3JlL0dDSnhOaHQxWlpyN3hhc0RBUF9tYldsREVENWpicV9FQUFBRhUCAsgBACgAGAAbABUAACbK2I%2BLyfaDQBUCKAJDMywXQGD5qfvnbIsYFmRhc2hfYmFzZWxpbmVfMTA4MHBfdjERAHX%2BBwA%3D&_nc_rid=0f941e249d&ccb=9-4&oh=00_AYAIr_ohOP8CofCLXRYLmOmsskm1D2TYD4VHE5X8-H7CbA&oe=66D4BF93&_nc_sid=10d13b,1030517.0,there place like rome emili pari season 4 part 2 premier septemb 12
3443172321646380923,2024-08-26T14:00:02.000Z,"is it a hot dog or is it cake?! @sugarfreakshow tests @joeychestnut and @kobayashitakeru to see if they can spot the real hot dog

watch kobayashi and chestnut face off in UNFINISHED BEEF on September 2, only on Netflix",https://www.instagram.com/p/C_ImvvcMId7/,89.464,619467.0,https://scontent-atl3-2.cdninstagram.com/o1/v/t16/f2/m69/An-J5Q6us69euCe6A0kCxOUtkqrYA8rCWpOrbeE34KzCweBH2QsD4m4a7IMv3vP_WgZ8D_oumUtneVlngY4w6OI.mp4?stp=dst-mp4&efg=eyJxZV9ncm91cHMiOiJbXCJpZ193ZWJfZGVsaXZlcnlfdnRzX290ZlwiXSIsInZlbmNvZGVfdGFnIjoidnRzX3ZvZF91cmxnZW4uY2xpcHMuYzIuMTA4MC5iYXNlbGluZSJ9&_nc_cat=104&vs=1283814056329824_2228691823&_nc_vs=HBksFQIYOnBhc3N0aHJvdWdoX2V2ZXJzdG9yZS9HTmtjNkFKZUpscTBzdVVJQUxPZXNjMDVWVXg4YnBSMUFBQUYVAALIAQAVAhg6cGFzc3Rocm91Z2hfZXZlcnN0b3JlL0dJTmJMQnU5a2c5Z0Fod0RBRGVZZHoxb09WZ05icV9FQUFBRhUCAsgBACgAGAAbABUAACbA7bLzmJi8PxUCKAJDMywXQFZdsi0OVgQYFmRhc2hfYmFzZWxpbmVfMTA4MHBfdjERAHX%2BBwA%3D&_nc_rid=72e1d4dc1b&ccb=9-4&oh=00_AYDGBCQUO7_1VnRk-x8IA075kkVuiQ-BtrmkL27XJGmbxg&oe=66D4C378&_nc_sid=10d13b,96823.0,u n f n h e b e e f septemb 2 netflix
3443917791889567906,2024-08-27T14:00:05.000Z,the ‚Äúhow am i gonna finish‚Äù took me out!! ADAM SANDLER: LOVE YOU is now playing,https://www.instagram.com/p/C_LQPwtObCi/,36.25,1304415.0,https://instagram.fhsv1-1.fna.fbcdn.net/o1/v/t16/f2/m69/An-EZ0K0dooOoWANe06kNOdbn1XIhLfYGg0qtpgensKRs5kvCOLLkjDec-ib1aONNNROVjTcFiuke-qteb69K-mB.mp4?stp=dst-mp4&efg=eyJxZV9ncm91cHMiOiJbXCJpZ193ZWJfZGVsaXZlcnlfdnRzX290ZlwiXSIsInZlbmNvZGVfdGFnIjoidnRzX3ZvZF91cmxnZW4uY2xpcHMuYzIuMTA4MC5iYXNlbGluZSJ9&_nc_cat=108&vs=1157846998620245_1944914612&_nc_vs=HBksFQIYOnBhc3N0aHJvdWdoX2V2ZXJzdG9yZS9HSy02SVJOUmxXanhNVmtFQU5UbDV3VWY5QTh3YnBSMUFBQUYVAALIAQAVAhg6cGFzc3Rocm91Z2hfZXZlcnN0b3JlL0dGZ3RRUnVrajhrSHIxOEVBTV9SSWRIbmRlczhicV9FQUFBRhUCAsgBACgAGAAbABUAACbIo%2BfmrYOCQBUCKAJDMywXQEIgAAAAAAAYFmRhc2hfYmFzZWxpbmVfMTA4MHBfdjERAHX%2BBwA%3D&_nc_rid=04345e2298&ccb=9-4&oh=00_AYAx3xMlV9ICvfsvyydR_HLCLqlTzd4CEHq6Zt5vzZK32Q&oe=66D4BA96&_nc_sid=10d13b,346140.0,n l e r l v e u play
3443871984159180375,2024-08-27T13:00:19.000Z,when picture perfect isn‚Äôt. MONSTERS: THE LYLE AND ERIK MENENDEZ STORY coming september 19,https://www.instagram.com/p/C_LF1K7ukZX/,54.193,3159446.0,https://scontent-dfw5-1.cdninstagram.com/o1/v/t16/f2/m69/An_DQcBXngtoY1MaIoDiYkTCaj688qWW7NtbLLjjrcula4T8GoHWoKJWA_quIrx1NPdazBLgNvt10RhHezX6uZOa.mp4?stp=dst-mp4&efg=eyJxZV9ncm91cHMiOiJbXCJpZ193ZWJfZGVsaXZlcnlfdnRzX290ZlwiXSIsInZlbmNvZGVfdGFnIjoidnRzX3ZvZF91cmxnZW4uY2xpcHMuYzIuMTA4MC5iYXNlbGluZSJ9&_nc_cat=111&vs=817343207235316_3299690316&_nc_vs=HBksFQIYOnBhc3N0aHJvdWdoX2V2ZXJzdG9yZS9HTFlHN1JOcTVxRGtOeFFEQUFTdGpjUTJoM2NyYnBSMUFBQUYVAALIAQAVAhg6cGFzc3Rocm91Z2hfZXZlcnN0b3JlL0dPYVRRaHZkclNQRmFBa0ZBTzN1bC04cFgyd2NicV9FQUFBRhUCAsgBACgAGAAbABUAACb8w4W9vvL%2BPxUCKAJDMywXQEsW6XjU%2FfQYFmRhc2hfYmFzZWxpbmVfMTA4MHBfdjERAHX%2BBwA%3D&_nc_rid=c161d69003&ccb=9-4&oh=00_AYAD09rglx27AYQez8gHTYXq9hgEiYb-gkQvOL4ZhL3XSw&oe=66D4AB01&_nc_sid=10d13b,959621.0,n e r h e l l e n e r k e n e n e z r come septemb 19
3443345856050943306,2024-08-26T19:00:00.000Z,"me teaching my parents what sigma means

üì∫: terminator 2: judgement day",https://www.instagram.com/p/C_JOM_8utVK/,37.412,1209693.0,https://scontent-gru1-1.cdninstagram.com/o1/v/t16/f2/m69/An96os3EK26HGF8t5TQFjBpi9x-lTLMiDNq7giT-PQiR7siMBahcBsnCk_PFnlZG7CZ3MwAwJ02hySYHZ_7WjWKu.mp4?stp=dst-mp4&efg=eyJxZV9ncm91cHMiOiJbXCJpZ193ZWJfZGVsaXZlcnlfdnRzX290ZlwiXSIsInZlbmNvZGVfdGFnIjoidnRzX3ZvZF91cmxnZW4uY2xpcHMuYzIuMTA4MC5iYXNlbGluZSJ9&_nc_cat=104&vs=1205407587268682_2835149139&_nc_vs=HBksFQIYOnBhc3N0aHJvdWdoX2V2ZXJzdG9yZS9HTlM3QlJOY0libjg2ejRFQUIxNmczXzN1SUFjYnBSMUFBQUYVAALIAQAVAhg6cGFzc3Rocm91Z2hfZXZlcnN0b3JlL0dBQkNQeHVNaUJzYkRtWUVBR1ozSWM5TWdFbEZicV9FQUFBRhUCAsgBACgAGAAbABUAACa2wcCQkPLbPxUCKAJDMywXQEK0vGp%2B%2BdsYFmRhc2hfYmFzZWxpbmVfMTA4MHBfdjERAHX%2BBwA%3D&_nc_rid=a338803825&ccb=9-4&oh=00_AYBYfSuURSjzbcBCdpU0NZMVmkngWarxMiYhqv0OBocZqg&oe=66D4BA05&_nc_sid=10d13b,324817.0,
3442479273701852918,2024-08-25T15:00:03.000Z,"i got ur back besties

üì∫: incoming, now playing",https://www.instagram.com/p/C_GJKkPpMb2/,36.757,11050793.0,https://instagram.fkwi4-3.fna.fbcdn.net/o1/v/t16/f2/m69/An-Isfqd3FdU9zRQCGywctVkvex-hUFPPRRnIyV38bNF1n6PC1wrQ423NcU38Aj4wthaXXNq5aTyat7CJUhkheLz.mp4?stp=dst-mp4&efg=eyJxZV9ncm91cHMiOiJbXCJpZ193ZWJfZGVsaXZlcnlfdnRzX290ZlwiXSIsInZlbmNvZGVfdGFnIjoidnRzX3ZvZF91cmxnZW4uY2xpcHMuYzIuMTA4MC5iYXNlbGluZSJ9&_nc_cat=105&vs=8249593168417454_1546349921&_nc_vs=HBksFQIYOnBhc3N0aHJvdWdoX2V2ZXJzdG9yZS9HT3h2T3hQSVQ4c3pYeVVFQUZnWEZGMGpzUEpyYnBSMUFBQUYVAALIAQAVAhg6cGFzc3Rocm91Z2hfZXZlcnN0b3JlL0dDTXNPaHRwSXV0YnhpUUVBQm1zemJzd3pzbDBicV9FQUFBRhUCAsgBACgAGAAbABUAACbspZXQ2ayoQBUCKAJDMywXQEJfO2RaHKwYFmRhc2hfYmFzZWxpbmVfMTA4MHBfdjERAHX%2BBwA%3D&_nc_rid=dfea257e38&ccb=9-4&oh=00_AYDw2dUtUGB9LsilBjpD3pX98eUNyHR2_zAWIGwTmqQWcw&oe=66D4C26A&_nc_sid=10d13b,5818812.0,
3441171489078478725,2024-08-23T19:00:00.000Z,the LOVE ON THE SPECTRUM cast reveal their profile icons and every choice is perfect,https://www.instagram.com/p/C_Bfzy5uYeF/,52.51,772711.0,https://scontent-ord5-1.cdninstagram.com/o1/v/t16/f2/m69/An_hfD3EsW_3ULa6bOqeHE5piH3qIJaM63eBrl6aX-7Vd5-YXfrb9qzMojmui3Kh-PTwlTyXkxxu4BoFIZU4vKKo.mp4?stp=dst-mp4&efg=eyJxZV9ncm91cHMiOiJbXCJpZ193ZWJfZGVsaXZlcnlfdnRzX290ZlwiXSIsInZlbmNvZGVfdGFnIjoidnRzX3ZvZF91cmxnZW4uY2xpcHMuYzIuMTA4MC5iYXNlbGluZSJ9&_nc_cat=101&vs=1174838050465540_4240447072&_nc_vs=HBksFQIYOnBhc3N0aHJvdWdoX2V2ZXJzdG9yZS9HRjFkSUFOX3BRdTU3N1VIQVA3aWhVOURsQmdjYnBSMUFBQUYVAALIAQAVAhg6cGFzc3Rocm91Z2hfZXZlcnN0b3JlL0dKMG5PeHQ5Uk5kdEJRQURBSUZLeE52SEZXdGdicV9FQUFBRhUCAsgBACgAGAAbABUAACaCys7L%2F8%2BEQBUCKAJDMywXQEpBR64UeuEYFmRhc2hfYmFzZWxpbmVfMTA4MHBfdjERAHX%2BBwA%3D&_nc_rid=7fa8a23928&ccb=9-4&oh=00_AYDpMpyaKyoQ-l9pkYg497jpgTyYNGZvnvgbAIZFJRwUtQ&oe=66D4CD37&_nc_sid=10d13b,127709.0,l v e n h e p e c r u cast reveal profil icon everi choic perfect
3441708971896417882,2024-08-24T13:00:03.000Z,"i thought everyone knew good bowlers wear heels??

üì∫: the umbrella academy: season 4",https://www.instagram.com/p/C_DaBMyKS5a/,50.517,1294421.0,https://scontent-ssn1-1.cdninstagram.com/o1/v/t16/f2/m69/An9ANkT05PNKTkItmXl2VITqjhJAPswJpYnuqmbL_utpc8HMUXN-SNNn4cA0D_cAD5Hiy7YhK03j1d8NUk2hjz0n.mp4?stp=dst-mp4&efg=eyJxZV9ncm91cHMiOiJbXCJpZ193ZWJfZGVsaXZlcnlfdnRzX290ZlwiXSIsInZlbmNvZGVfdGFnIjoidnRzX3ZvZF91cmxnZW4uY2xpcHMuYzIuMTA4MC5iYXNlbGluZSJ9&_nc_cat=111&vs=1052437766271823_2759627431&_nc_vs=HBksFQIYOnBhc3N0aHJvdWdoX2V2ZXJzdG9yZS9HRWQyM2hQclRaTFB6X29jQVBiRlpENHF3U3BEYnBSMUFBQUYVAALIAQAVAhg6cGFzc3Rocm91Z2hfZXZlcnN0b3JlL0dPbGhPaHVzR1NuckgwSURBRDduQnpuRnRoZHRicV9FQUFBRhUCAsgBACgAGAAbABUAACa6rt311aT7PxUCKAJDMywXQElBBiTdLxsYFmRhc2hfYmFzZWxpbmVfMTA4MHBfdjERAHX%2BBwA%3D&_nc_rid=93e919169e&ccb=9-4&oh=00_AYA2HY1JzcUABa9oUw4_CJ8HRFBY6pYwYMAZ2bInpXSDow&oe=66D4C23C&_nc_sid=10d13b,366737.0,
3441141193713091474,2024-08-23T18:00:00.000Z,"taking notes and using this pep talk later

üì∫: incoming, now playing",https://www.instagram.com/p/C_BY68JO4OS/,37.829,3624091.0,https://instagram.fdac96-1.fna.fbcdn.net/o1/v/t16/f2/m69/An9rh-lW8nhJMbArdLf0g6CXG_hTv7goxT5Rg_3V_6foFkHDIooOKpil3Zu6VcP9vJkwG1OzwWYEpDwYj6jr_Me_.mp4?stp=dst-mp4&efg=eyJxZV9ncm91cHMiOiJbXCJpZ193ZWJfZGVsaXZlcnlfdnRzX290ZlwiXSIsInZlbmNvZGVfdGFnIjoidnRzX3ZvZF91cmxnZW4uY2xpcHMuYzIuMTA4MC5iYXNlbGluZSJ9&_nc_cat=107&vs=8696002240428395_93174897&_nc_vs=HBksFQIYOnBhc3N0aHJvdWdoX2V2ZXJzdG9yZS9HQUpWSUFQd3lzODJxWmNFQU9Hd0RIMzFSNWc0YnBSMUFBQUYVAALIAQAVAhg6cGFzc3Rocm91Z2hfZXZlcnN0b3JlL0dKdmlPQnUweng1SVVzSUJBSG9mZmtsdVdSQkVicV9FQUFBRhUCAsgBACgAGAAbABUAACb4jauOibjHQRUCKAJDMywXQELqHKwIMScYFmRhc2hfYmFzZWxpbmVfMTA4MHBfdjERAHX%2BBwA%3D&_nc_rid=4e5a76f6da&ccb=9-4&oh=00_AYBg_aDAh0DH3yP-t91Ngesqu4mIiqa8vf480Z6EY7DkqA&oe=66D4CC19&_nc_sid=10d13b,882376.0,
3441080733877729581,2024-08-23T16:00:00.000Z,"omg we finally made it. THEY SAID THE THING

üì∫: emily in paris: season 4",https://www.instagram.com/p/C_BLLIiOPkt/,37.1,1866471.0,https://scontent-hou1-1.cdninstagram.com/o1/v/t16/f2/m69/An-eGGWWb3p64O-oKxCmPKR0qqNJDdRmTOjWN7M-tGzIJt-Jy6h9ZX9OmTg1D76EFgAuD-v8zeQ689E8PhoXj0I.mp4?stp=dst-mp4&efg=eyJxZV9ncm91cHMiOiJbXCJpZ193ZWJfZGVsaXZlcnlfdnRzX290ZlwiXSIsInZlbmNvZGVfdGFnIjoidnRzX3ZvZF91cmxnZW4uY2xpcHMuYzIuMTA4MC5iYXNlbGluZSJ9&_nc_cat=104&vs=534455345775962_3225268154&_nc_vs=HBksFQIYOnBhc3N0aHJvdWdoX2V2ZXJzdG9yZS9HQnZUcUFJNkQyd1Z4aG9JQUh3YU8tOTBtQjl6YnBSMUFBQUYVAALIAQAVAhg6cGFzc3Rocm91Z2hfZXZlcnN0b3JlL0dKLURQQnVxWkVVaTVMSURBSkppZlllRHZmNTRicV9FQUFBRhUCAsgBACgAGAAbABUAACaauOimh%2B%2BJQBUCKAJDMywXQEKMzMzMzM0YFmRhc2hfYmFzZWxpbmVfMTA4MHBfdjERAHX%2BBwA%3D&_nc_rid=13334b4ad0&ccb=9-4&oh=00_AYDxUX0zHZjH7-Pdh2Jy_NfiJGjdByoW21duOtWAcpz2mw&oe=66D4A6C5&_nc_sid=10d13b,437028.0,h e h e h n g emili pari season 4
3441111252698964967,2024-08-23T17:00:00.000Z,"ok but can i hang out with them on-set?

üì∫: that ‚Äò90s show: part 3, now playing",https://www.instagram.com/p/C_BSHPZuKPn/,36.6,838578.0,https://instagram.fbra3-1.fna.fbcdn.net/o1/v/t16/f2/m69/An9H0E6htbHso4IPMBjKgwzHvPHAqPcafVODLGFtLnxWyvrZjRawRtDKMz_Tc94lR8XnpvJw0-zmlUQ0xwS8cWPm.mp4?stp=dst-mp4&efg=eyJxZV9ncm91cHMiOiJbXCJpZ193ZWJfZGVsaXZlcnlfdnRzX290ZlwiXSIsInZlbmNvZGVfdGFnIjoidnRzX3ZvZF91cmxnZW4uY2xpcHMuYzIuMTA4MC5iYXNlbGluZSJ9&_nc_cat=100&vs=1717974045682428_3833532082&_nc_vs=HBksFQIYOnBhc3N0aHJvdWdoX2V2ZXJzdG9yZS9HTkZzU0FmMU5wMC1ucElDQU9Kb2Y0SDc3R3BDYnBSMUFBQUYVAALIAQAVAhg6cGFzc3Rocm91Z2hfZXZlcnN0b3JlL0dOYjdPQnRFQUdJRVloSUJBR0dPMjdKSFpMMElicV9FQUFBRhUCAsgBACgAGAAbABUAACb499eht9%2BVQBUCKAJDMywXQEJMzMzMzM0YFmRhc2hfYmFzZWxpbmVfMTA4MHBfdjERAHX%2BBwA%3D&_nc_rid=e9e7627b14&ccb=9-4&oh=00_AYAJXbGr5qCj7aKecIwJb_Vx-G5YiHomAyNtL6jhwfz1qQ&oe=66D4B350&_nc_sid=10d13b,152182.0,
3439690350195365731,2024-08-21T18:00:41.000Z,ooohhh things are gonna get messy and i love it. THAT ‚Äò90S SHOW: PART 3 coming tomorrow,https://www.instagram.com/p/C-8PCY0u9dj/,55.18,2253334.0,https://instagram.fbhx7-1.fna.fbcdn.net/o1/v/t16/f1/m86/CA47CC4277856DDBEEE828635874CDAD_video_dashinit.mp4?stp=dst-mp4&efg=eyJxZV9ncm91cHMiOiJbXCJpZ193ZWJfZGVsaXZlcnlfdnRzX290ZlwiXSIsInZlbmNvZGVfdGFnIjoidnRzX3ZvZF91cmxnZW4uY2xpcHMuYzIuNzIwLmJhc2VsaW5lIn0&_nc_cat=108&vs=2283193202028628_2830199125&_nc_vs=HBksFQIYUmlnX3hwdl9yZWVsc19wZXJtYW5lbnRfc3JfcHJvZC9DQTQ3Q0M0Mjc3ODU2RERCRUVFODI4NjM1ODc0Q0RBRF92aWRlb19kYXNoaW5pdC5tcDQVAALIAQAVAhg6cGFzc3Rocm91Z2hfZXZlcnN0b3JlL0dGdUhPQnNBZHhTOU4yb0ZBT0RIM01UYk9OZ3VicV9FQUFBRhUCAsgBACgAGAAbABUAACb60eCdraXHPxUCKAJDMywXQEuXCj1wo9cYEmRhc2hfYmFzZWxpbmVfMV92MREAdf4HAA%3D%3D&_nc_rid=2660ce5a23&ccb=9-4&oh=00_AYDrBNufWz1HocEAUfNNKh9hGZSaqmXt0s8ByxETLfvxhQ&oe=66D4AB4A&_nc_sid=10d13b,581022.0,h 90 h w p r 3 come tomorrow
3439823282107707753,2024-08-21T23:00:04.000Z,ok well i know where im going for 4th meal later. INCOMING premieres friday!,https://www.instagram.com/p/C-8tQzUJfFp/,38.25,1054390.0,https://scontent-hou1-1.cdninstagram.com/o1/v/t16/f2/m69/An8BpmN7NIYCK4Kuj4n8GM0c8xM5lMJB4iP2dRTt4XAQ-LP5aBuoWV8e4VLcJ-Defr2T2Uk9qdS_a9hF3H0NmiI.mp4?stp=dst-mp4&efg=eyJxZV9ncm91cHMiOiJbXCJpZ193ZWJfZGVsaXZlcnlfdnRzX290ZlwiXSIsInZlbmNvZGVfdGFnIjoidnRzX3ZvZF91cmxnZW4uY2xpcHMuYzIuMTA4MC5iYXNlbGluZSJ9&_nc_cat=106&vs=1028710295565576_381935751&_nc_vs=HBksFQIYOnBhc3N0aHJvdWdoX2V2ZXJzdG9yZS9HT2llMEJOdngydkdqWjREQUdrOUhnbG9BV3NrYnBSMUFBQUYVAALIAQAVAhg6cGFzc3Rocm91Z2hfZXZlcnN0b3JlL0dDRVBMeHM0bUN4eEJad0dBQmdqcEdWMzNfeHpicV9FQUFBRhUCAsgBACgAGAAbABUAACaUtvv7lf3DPxUCKAJDMywXQEMgAAAAAAAYFmRhc2hfYmFzZWxpbmVfMTA4MHBfdjERAHX%2BBwA%3D&_nc_rid=24fb3c64c2&ccb=9-4&oh=00_AYBvMhKS767lybZUJzF3wGEFTBVRl4DjG7Hh1KEWnmPSsA&oe=66D4CBA6&_nc_sid=10d13b,173739.0,n c n g premier friday
3439785642012227880,2024-08-21T22:00:03.000Z,you wouldn‚Äôt like @alexandradaddario when she‚Äôs angry. anne rice's MAYFAIR WITCHES is now playing!,https://www.instagram.com/p/C-8ktEPoLko/,66.901,973685.0,https://scontent-atl3-1.cdninstagram.com/o1/v/t16/f2/m69/An9wIDzwPr3c3x-bqIH3fgB7jI2JWG84D4npep6GW1cqyEZfrueYOhjiBiCNYQiQydZOfH0VyRR1oj6wWmAu3yjx.mp4?stp=dst-mp4&efg=eyJxZV9ncm91cHMiOiJbXCJpZ193ZWJfZGVsaXZlcnlfdnRzX290ZlwiXSIsInZlbmNvZGVfdGFnIjoidnRzX3ZvZF91cmxnZW4uY2xpcHMuYzIuMTA4MC5iYXNlbGluZSJ9&_nc_cat=100&vs=7992675310851506_1201104015&_nc_vs=HBksFQIYOnBhc3N0aHJvdWdoX2V2ZXJzdG9yZS9HSVZyUlJrZkQ1S2RiNmdEQUF0TDJQV1FidTB1YnBSMUFBQUYVAALIAQAVAhg6cGFzc3Rocm91Z2hfZXZlcnN0b3JlL0dDTWRNUnM2UkZWU1B0UUJBSUZrOXVQdXBZdzJicV9FQUFBRhUCAsgBACgAGAAbABUAACagipC1n56CQBUCKAJDMywXQFC5mZmZmZoYFmRhc2hfYmFzZWxpbmVfMTA4MHBfdjERAHX%2BBwA%3D&_nc_rid=ccd62f97ee&ccb=9-4&oh=00_AYBG_oaPnrTkUGEw1dpSBgEglVNtaVX1PyjsLTuiqqYRfg&oe=66D4BE12&_nc_sid=10d13b,221060.0,f r w c h e play
3439752117998982662,2024-08-21T20:00:00.000Z,"see how @joolieanniemarie shares her favorite netflix stuff with you? very mindful.

check out all the titles jools hand-picked in her VERY DEMURE, VERY MINDFUL row on netflix!",https://www.instagram.com/p/C-8dFOkuhYG/,35.458,2163664.0,https://scontent-ord5-1.cdninstagram.com/o1/v/t16/f2/m69/An-i-zmGy5OsUStCeh5p7qogIdy3Z5Jr2KCIrcXxCeWuxu7GytE7I1c_PUjVL0TbZ75--JvjLH7EwH-FO8T8puxB.mp4?stp=dst-mp4&efg=eyJxZV9ncm91cHMiOiJbXCJpZ193ZWJfZGVsaXZlcnlfdnRzX290ZlwiXSIsInZlbmNvZGVfdGFnIjoidnRzX3ZvZF91cmxnZW4uY2xpcHMuYzIuMTA4MC5iYXNlbGluZSJ9&_nc_cat=108&vs=947967950425784_977820131&_nc_vs=HBksFQIYOnBhc3N0aHJvdWdoX2V2ZXJzdG9yZS9HQ2VJUFFkWXhNcms4SjhEQUhNRXhTQVktSWtTYnBSMUFBQUYVAALIAQAVAhg6cGFzc3Rocm91Z2hfZXZlcnN0b3JlL0dGa1pOUnVzZEJERzl3b2NBRy1uVHV1c25wcGVicV9FQUFBRhUCAsgBACgAGAAbABUAACba25P7k5DhPxUCKAJDMywXQEG6n752yLQYFmRhc2hfYmFzZWxpbmVfMTA4MHBfdjERAHX%2BBwA%3D&_nc_rid=0fcf653374&ccb=9-4&oh=00_AYBRy2gF45PmMtMijn1bpKrwgjs0ES8mULiexSehwZ_LCw&oe=66D4B8AC&_nc_sid=10d13b,557777.0,v e r e u r e v e r n f u l row netflix
3438990327787592103,2024-08-20T19:36:06.000Z,"Squid Game: Unleashed, a new mobile game based on the hit series, is coming soon to @netflixgames",https://www.instagram.com/p/C-5v3uJyJmn/,65.466,2679910.0,https://instagram.fcgh29-1.fna.fbcdn.net/o1/v/t16/f1/m86/2541B4556554DBA07A92DE2DD69DA8BA_video_dashinit.mp4?stp=dst-mp4&efg=eyJxZV9ncm91cHMiOiJbXCJpZ193ZWJfZGVsaXZlcnlfdnRzX290ZlwiXSIsInZlbmNvZGVfdGFnIjoidnRzX3ZvZF91cmxnZW4uY2xpcHMuYzIuMTA4MC5iYXNlbGluZSJ9&_nc_cat=107&vs=1141826026878986_872986321&_nc_vs=HBksFQIYUmlnX3hwdl9yZWVsc19wZXJtYW5lbnRfc3JfcHJvZC8yNTQxQjQ1NTY1NTREQkEwN0E5MkRFMkRENjlEQThCQV92aWRlb19kYXNoaW5pdC5tcDQVAALIAQAVAhg6cGFzc3Rocm91Z2hfZXZlcnN0b3JlL0dOS05MaHVWSnNkend2Z05BUEFDOGZKR3JwQW1icV9FQUFBRhUCAsgBACgAGAAbABUAACbcraaT%2B534PxUCKAJDMywXQFBd0vGp%2B%2BcYEmRhc2hfYmFzZWxpbmVfMV92MREAdf4HAA%3D%3D&_nc_rid=0d7d61389b&ccb=9-4&oh=00_AYCvmUgUROqI0z63_JuUGnk68EwW2m167lIlnE_dVcU2VA&oe=66D4BC1B&_nc_sid=10d13b,522288.0,squid game unleash new mobil game base hit seri come soon netflixgam
3439201319506566193,2024-08-21T12:00:03.000Z,girl group loading... POP STAR ACADEMY: KATSEYE: is now playing! ‚ú®,https://www.instagram.com/p/C-6f2DgPlwx/,34.837,1740384.0,https://scontent-atl3-2.cdninstagram.com/o1/v/t16/f2/m69/An_CP4XFmm7m7w7UBHaLURaA0grvarappj1eJvSYhqSVT_SNot68ld3fxHXJmkKaAdMYm4FTEWyOTR-BVSUZIPlK.mp4?stp=dst-mp4&efg=eyJxZV9ncm91cHMiOiJbXCJpZ193ZWJfZGVsaXZlcnlfdnRzX290ZlwiXSIsInZlbmNvZGVfdGFnIjoidnRzX3ZvZF91cmxnZW4uY2xpcHMuYzIuMTA4MC5iYXNlbGluZSJ9&_nc_cat=102&vs=1677517656344926_4170828048&_nc_vs=HBksFQIYOnBhc3N0aHJvdWdoX2V2ZXJzdG9yZS9HQjBSSUFNV0I5V3BiendCQUdKVUp4ZTY3U2tBYnBSMUFBQUYVAALIAQAVAhg6cGFzc3Rocm91Z2hfZXZlcnN0b3JlL0dBSzRNeHVrQ2p5MWFJTUJBSWdNaXRpeHUxa0dicV9FQUFBRhUCAsgBACgAGAAbABUAACbEo9S5meLHPxUCKAJDMywXQEFpul41P30YFmRhc2hfYmFzZWxpbmVfMTA4MHBfdjERAHX%2BBwA%3D&_nc_rid=62aba51456&ccb=9-4&oh=00_AYCQSfgE3oRMQxcGEFi-ETWTH6UxXaxL_4GrvWhg1xdxrQ&oe=66D4D446&_nc_sid=10d13b,418529.0,p p r c e k e e play
3438845026392324950,2024-08-20T14:00:06.000Z,from the creators of DAHMER comes MONSTERS: THE LYLE AND ERIK MENENDEZ STORY. premiering september 19,https://www.instagram.com/p/C-5O1Tru7tW/,35.386,2036834.0,https://instagram.fmcp2-1.fna.fbcdn.net/o1/v/t16/f2/m69/An9x3pkgEVXTEnuN3VRhz42FkpRkT39bTWixsxmhf-zeFNebwT23AsUl-JppHJbU0kpjInVrW54NMXBI77rbWDwm.mp4?stp=dst-mp4&efg=eyJxZV9ncm91cHMiOiJbXCJpZ193ZWJfZGVsaXZlcnlfdnRzX290ZlwiXSIsInZlbmNvZGVfdGFnIjoidnRzX3ZvZF91cmxnZW4uY2xpcHMuYzIuMTQ0MC5iYXNlbGluZSJ9&_nc_cat=106&vs=1054135382858819_504664461&_nc_vs=HBksFQIYOnBhc3N0aHJvdWdoX2V2ZXJzdG9yZS9HSWdzeHhNUDh2ZzFtTG9EQVBGXzE3Uy10M3huYnBSMUFBQUYVAALIAQAVAhg6cGFzc3Rocm91Z2hfZXZlcnN0b3JlL0dESkhOUnQzVVI0SDd4TUZBT1B6T1hoZnBBSTFicV9FQUFBRhUCAsgBACgAGAAbABUAACb0w%2BSRssa3PxUCKAJDMywXQEGvGp%2B%2BdskYFmRhc2hfYmFzZWxpbmVfMTA4MHBfdjERAHX%2BBwA%3D&_nc_rid=d59d1651f8&ccb=9-4&oh=00_AYCDDEseo3T6Wwo5gYhBJvQJbGioPe0ja4MTuOeVfBdnaQ&oe=66D4B4BC&_nc_sid=10d13b,463430.0,h e r come n e r h e l l e n e r k e n e n e z r premier septemb 19
3438146910947977758,2024-08-19T16:00:05.000Z,important PSA from the cast of INCOMING,https://www.instagram.com/p/C-2wGZAqSoe/,39.122,2116583.0,https://instagram.ftpa1-1.fna.fbcdn.net/o1/v/t16/f2/m69/An_jaW_IRrlj2bHNR0HrjNgcdhVO2Hfr3M8dz00xaPz2ywDjNfVxYO3kIgUonj9aPILLmm41FoWRzzaXj2_oPXoF.mp4?stp=dst-mp4&efg=eyJxZV9ncm91cHMiOiJbXCJpZ193ZWJfZGVsaXZlcnlfdnRzX290ZlwiXSIsInZlbmNvZGVfdGFnIjoidnRzX3ZvZF91cmxnZW4uY2xpcHMuYzIuMTA4MC5iYXNlbGluZSJ9&_nc_cat=107&vs=1053480559463289_2525029950&_nc_vs=HBksFQIYOnBhc3N0aHJvdWdoX2V2ZXJzdG9yZS9HTXA1cVJPMXI1QzViTU1FQUE2dDZaX1ZGU1lnYnBSMUFBQUYVAALIAQAVAhg6cGFzc3Rocm91Z2hfZXZlcnN0b3JlL0dLRXpKQnN2cUV0RGhxd0RBTkdxbVBUakE2TnBicV9FQUFBRhUCAsgBACgAGAAbABUAACba49GV%2BufQPxUCKAJDMywXQEOPnbItDlYYFmRhc2hfYmFzZWxpbmVfMTA4MHBfdjERAHX%2BBwA%3D&_nc_rid=3f5af55dab&ccb=9-4&oh=00_AYA5xFGz_GzC9jumi8XYZIKkctp4FDOfU3XYpbNehjItIA&oe=66D4C37F&_nc_sid=10d13b,562207.0,p cast n c n g
3439585931621401262,2024-08-21T14:30:47.000Z,a little bts before THE PERFECT COUPLE premieres on september 5,https://www.instagram.com/p/C-73S5cuYKu/,60.069,1927546.0,https://scontent-mia3-1.cdninstagram.com/o1/v/t16/f2/m69/An-chkzOaz2ddeNq4F_f3ESVM_ymNgInfzmDNHha1-6c73HtCtR3H8dgHP_RCmEAGMUTh3R3M8QFNcogeYwerw.mp4?stp=dst-mp4&efg=eyJxZV9ncm91cHMiOiJbXCJpZ193ZWJfZGVsaXZlcnlfdnRzX290ZlwiXSIsInZlbmNvZGVfdGFnIjoidnRzX3ZvZF91cmxnZW4uY2xpcHMuYzIuMTA4MC5iYXNlbGluZSJ9&_nc_cat=104&vs=479679024865958_3366699807&_nc_vs=HBksFQIYOnBhc3N0aHJvdWdoX2V2ZXJzdG9yZS9HRFdQVGhPbDhPNm1leUlEQUtob0JaV0piMDBXYnBSMUFBQUYVAALIAQAVAhg6cGFzc3Rocm91Z2hfZXZlcnN0b3JlL0dHQWVOUnNXUGU3bFZWOEJBSVktZl84OFJDUnlicV9FQUFBRhUCAsgBACgAGAAbABUAACa6vJbWyoeZQRUCKAJDMywXQE4HjU%2FfO2QYFmRhc2hfYmFzZWxpbmVfMTA4MHBfdjERAHX%2BBwA%3D&_nc_rid=fb0a20ceca&ccb=9-4&oh=00_AYBT-bGB9MbJsS2TGD_H4bwI19d8bagDpxiNYPA8nBuwqQ&oe=66D4D038&_nc_sid=10d13b,663720.0,h e p e r f e c c u p l e premier septemb 5
3440240656420396556,2024-08-22T13:00:05.000Z,üìÇLAB REPORT 002: Phase Two testing is complete. üö® THREE new Stranger Things x Bath & Body Works scents available now in stores and online.,https://www.instagram.com/p/C--MKZby14M/,80.288,3815135.0,https://scontent-atl3-1.cdninstagram.com/o1/v/t16/f2/m69/An-f_SD425lNJns5M4ElBBuyOtaY1tspAao3aU2Bp1WrC_XEDvhtQ7r2krb86sVdIW98SLmhXTuxwAqsCaWjBXUS.mp4?stp=dst-mp4&efg=eyJxZV9ncm91cHMiOiJbXCJpZ193ZWJfZGVsaXZlcnlfdnRzX290ZlwiXSIsInZlbmNvZGVfdGFnIjoidnRzX3ZvZF91cmxnZW4uY2xpcHMuYzIuMTA4MC5iYXNlbGluZSJ9&_nc_cat=109&vs=1036200478165773_1944096505&_nc_vs=HBksFQIYOnBhc3N0aHJvdWdoX2V2ZXJzdG9yZS9HTGJiU1FmYlZiVHVUanNJQUN0alRKc3B3Q3MyYnBSMUFBQUYVAALIAQAVAhg6cGFzc3Rocm91Z2hfZXZlcnN0b3JlL0dQY2pHUnVqYXh1bThhOEJBSkE0RHZVQ1JVeEhicV9FQUFBRhUCAsgBACgAGAAbABUAACa%2B4PqO%2F4q%2BQRUCKAJDMywXQFQSbpeNT98YFmRhc2hfYmFzZWxpbmVfMTA4MHBfdjERAHX%2BBwA%3D&_nc_rid=e20b96834a&ccb=9-4&oh=00_AYARfIoXqykIpzPNRA5jlrJKOuCth3DK8Ne6ViKY0eV-aw&oe=66D4AA94&_nc_sid=10d13b,902656.0,l b r e p r 002 phase two test complet h r e e new stranger thing x bath bodi work scent avail store onlin
3438131344820043395,2024-08-19T15:00:03.000Z,"this scene is my entire personality now

üì∫: emily in paris: season 4 part 1, now playing",https://www.instagram.com/p/C-2sj37In6D/,72.128,5036614.0,https://scontent-lhr8-1.cdninstagram.com/o1/v/t16/f2/m69/An8QzdRMYwi_-e16irDEKXWsNaJrvSWfwEAqBU_GZXEB527G6rRrO-kNzJViyrvRAL1L4n5IPnWsEmgjogdHmlMt.mp4?stp=dst-mp4&efg=eyJxZV9ncm91cHMiOiJbXCJpZ193ZWJfZGVsaXZlcnlfdnRzX290ZlwiXSIsInZlbmNvZGVfdGFnIjoidnRzX3ZvZF91cmxnZW4uY2xpcHMuYzIuMTA4MC5iYXNlbGluZSJ9&_nc_cat=111&vs=414502111097526_3069824615&_nc_vs=HBksFQIYOnBhc3N0aHJvdWdoX2V2ZXJzdG9yZS9HSWprOHdKWkV0ZjJ5R0FHQUJMV2hQUEhqZlpOYnBSMUFBQUYVAALIAQAVAhg6cGFzc3Rocm91Z2hfZXZlcnN0b3JlL0dKQnFMeHRIRzRtSTY2VUJBQWZ0YnVHWklfWUticV9FQUFBRhUCAsgBACgAGAAbABUAACaWv%2BjY35KIQBUCKAJDMywXQFIHO2RaHKwYFmRhc2hfYmFzZWxpbmVfMTA4MHBfdjERAHX%2BBwA%3D&_nc_rid=a8cd17249c&ccb=9-4&oh=00_AYC79WDnY0Td8NGeOUQDiN845Prlwb0I38DpeAJyam2DqA&oe=66D4AB48&_nc_sid=10d13b,1596461.0,
3437487084578500187,2024-08-18T17:00:00.000Z,"the shower debrief is SACRED. swipe for my face watching this episode

üì∫: emily in paris: season 4 part 1, now playing",https://www.instagram.com/p/C-0aEp0S25b/,51.968,2418119.0,https://scontent-lga3-2.cdninstagram.com/o1/v/t16/f2/m69/An8YHqc5AdVhZtdArdgIsKbPRasmez8atz7rheFG1hWou9M1w8z-jNSB1dSeYIUN8TuuJjE9qHVeON2qgWljX1U.mp4?stp=dst-mp4&efg=eyJxZV9ncm91cHMiOiJbXCJpZ193ZWJfZGVsaXZlcnlfdnRzX290ZlwiXSIsInZlbmNvZGVfdGFnIjoidnRzX3ZvZF91cmxnZW4uY2xpcHMuYzIuMTA4MC5iYXNlbGluZSJ9&_nc_cat=105&vs=1846733112485621_1999526144&_nc_vs=HBksFQIYOnBhc3N0aHJvdWdoX2V2ZXJzdG9yZS9HTUMwYUFLWHc5bnF1NXdEQUxwSEJIeHFsY28yYnBSMUFBQUYVAALIAQAVAhg6cGFzc3Rocm91Z2hfZXZlcnN0b3JlL0dBYWFNaHRHdzVGVWtmUUZBTWpqUWsxT1JyME5icV9FQUFBRhUCAsgBACgAGAAbABUAACai4uj3xrWRQBUCKAJDMywXQEn752yLQ5YYFmRhc2hfYmFzZWxpbmVfMTA4MHBfdjERAHX%2BBwA%3D&_nc_rid=35d4cad137&ccb=9-4&oh=00_AYBug7YN9mRcfNRatKGASfCyHoSKGbTsYWN3OfVUfW6VFQ&oe=66D4C97D&_nc_sid=10d13b,671001.0,c r e swipe face watch episod emili pari season 4 part 1 play
3437303417654221630,2024-08-18T16:00:02.000Z,"cheetos + a lookout = romance

INCOMING premieres august 23",https://www.instagram.com/p/C-zwT8qhBs-/,63.957,1123307.0,https://scontent-ord5-1.cdninstagram.com/o1/v/t16/f2/m69/An9hG7JNpLuc_kJOgxynzyDDblqGthL4f8IUcGUL6xDXm06XF4vPGz7aX98b8iKixlPYDsycb0_4UFsW9TTviNjS.mp4?stp=dst-mp4&efg=eyJxZV9ncm91cHMiOiJbXCJpZ193ZWJfZGVsaXZlcnlfdnRzX290ZlwiXSIsInZlbmNvZGVfdGFnIjoidnRzX3ZvZF91cmxnZW4uY2xpcHMuYzIuMTA4MC5iYXNlbGluZSJ9&_nc_cat=109&vs=1183400856323908_1175859775&_nc_vs=HBksFQIYOnBhc3N0aHJvdWdoX2V2ZXJzdG9yZS9HTVBSUVJOcUJ3aHZhOWdIQU9jM2hVVVJRTjFKYnBSMUFBQUYVAALIAQAVAhg6cGFzc3Rocm91Z2hfZXZlcnN0b3JlL0dGdGhMQnRGT3B1V3g1MEJBRVd0YmpocHo3QWxicV9FQUFBRhUCAsgBACgAGAAbABUAACauqOCZ78eDQBUCKAJDMywXQE%2F4EGJN0vIYFmRhc2hfYmFzZWxpbmVfMTA4MHBfdjERAHX%2BBwA%3D&_nc_rid=a067c6a550&ccb=9-4&oh=00_AYCIoxzXqHiDViK4DXaroDMlrqxm_Wn19iwGILV8WbI9MA&oe=66D4C319&_nc_sid=10d13b,227941.0,n c n g premier august 23
3436852952939812152,2024-08-17T20:00:00.000Z,"frogs ARE bitches

üì∫: the umbrella academy: season 4",https://www.instagram.com/p/C-yJ40tOtU4/,34.199,958347.0,https://scontent-eze1-1.cdninstagram.com/o1/v/t16/f2/m69/An-CZDj1T1NaWO1XxvBtJd3_IcsTop8Poz-6_9zwwFGhgih0ndkmwxld2q_C-LXrMnh67-5TEQb2spY7PFOSMHM0.mp4?stp=dst-mp4&efg=eyJxZV9ncm91cHMiOiJbXCJpZ193ZWJfZGVsaXZlcnlfdnRzX290ZlwiXSIsInZlbmNvZGVfdGFnIjoidnRzX3ZvZF91cmxnZW4uY2xpcHMuYzIuMTA4MC5iYXNlbGluZSJ9&_nc_cat=110&vs=1491017954936278_2103759917&_nc_vs=HBksFQIYOnBhc3N0aHJvdWdoX2V2ZXJzdG9yZS9HS0V6NFJOZmw3LWZxRUlKQUVRSzEweG1CVUljYnBSMUFBQUYVAALIAQAVAhg6cGFzc3Rocm91Z2hfZXZlcnN0b3JlL0dKV1RMaHYtUkI1dWxzQUZBSkt5d2EzX1lmMEticV9FQUFBRhUCAsgBACgAGAAbABUAACbK6%2FjWtau2QRUCKAJDMywXQEEZeNT987YYFmRhc2hfYmFzZWxpbmVfMTA4MHBfdjERAHX%2BBwA%3D&_nc_rid=abbd8267d5&ccb=9-4&oh=00_AYDHVIwB6Zb6_YYbqh3uxBt2DY4jNB644CZC4_4lV245kw&oe=66D4B1B9&_nc_sid=10d13b,183656.0,r e bitch umbrella academi season 4
3438120339496320990,2024-08-19T14:00:05.000Z,the truth is always worth the fight. KAOS: season 1 is coming august 29,https://www.instagram.com/p/C-2qDuauT_e/,114.333,844262.0,https://instagram.fagc3-2.fna.fbcdn.net/o1/v/t16/f2/m69/An-wJ6C-aXJGc7bGurR3bmgSIfaFRxjWcAp6EBS87217d4fsUBE8GK3I1EsPioLEs25wM4hoHZobz789xJDgUOQ.mp4?stp=dst-mp4&efg=eyJxZV9ncm91cHMiOiJbXCJpZ193ZWJfZGVsaXZlcnlfdnRzX290ZlwiXSIsInZlbmNvZGVfdGFnIjoidnRzX3ZvZF91cmxnZW4uY2xpcHMuYzIuMTA4MC5iYXNlbGluZSJ9&_nc_cat=101&vs=1154150502344750_3814854183&_nc_vs=HBksFQIYOnBhc3N0aHJvdWdoX2V2ZXJzdG9yZS9HTVZWUWdjRk1uWDdjYzBIQUNxUXVaaFJSZjBpYnBSMUFBQUYVAALIAQAVAhg6cGFzc3Rocm91Z2hfZXZlcnN0b3JlL0dNNmxNaHR1RjgtUUttRU5BS1JQbGxQVWJjZ1ZicV9FQUFBRhUCAsgBACgAGAAbABUAACb4pYOKsbiEQBUCKAJDMywXQFyUeuFHrhQYFmRhc2hfYmFzZWxpbmVfMTA4MHBfdjERAHX%2BBwA%3D&_nc_rid=9c6e9cc20f&ccb=9-4&oh=00_AYBEAyVkEG5VZD25WcheiXKFhy6kEd4zI3fDm-LDudcB-w&oe=66D4A63B&_nc_sid=10d13b,166325.0,k season 1 come august 29
3436811853760114628,2024-08-17T19:00:31.000Z,here‚Äôs everything you missed in point place ahead of THAT ‚Äò90S SHOW: PART 3 coming august 22,https://www.instagram.com/p/C-yAiwHOS_E/,90.033,1064435.0,https://scontent-mia3-2.cdninstagram.com/o1/v/t16/f2/m69/An_BuOle-TC2drEpE5RdbukJH7eE499oCOlTFIXDBXwD9rxKQb9YxQZo97o1Qua2lR7GjdHCTTOOXVeWadKjjw.mp4?stp=dst-mp4&efg=eyJxZV9ncm91cHMiOiJbXCJpZ193ZWJfZGVsaXZlcnlfdnRzX290ZlwiXSIsInZlbmNvZGVfdGFnIjoidnRzX3ZvZF91cmxnZW4uY2xpcHMuYzIuMTA4MC5iYXNlbGluZSJ9&_nc_cat=102&vs=916465896984811_1015467608&_nc_vs=HBksFQIYOnBhc3N0aHJvdWdoX2V2ZXJzdG9yZS9HTEhuVGhQbkNKOTdrYWtCQUl0RXVtQ2JGMVJpYnBSMUFBQUYVAALIAQAVAhg6cGFzc3Rocm91Z2hfZXZlcnN0b3JlL0dOSXZLeHUxdElwSlcta01BQURkelg0UWthQk9icV9FQUFBRhUCAsgBACgAGAAbABUAACawn4WeyL%2BrQBUCKAJDMywXQFaCHKwIMScYFmRhc2hfYmFzZWxpbmVfMTA4MHBfdjERAHX%2BBwA%3D&_nc_rid=7cfc6edff6&ccb=9-4&oh=00_AYAHxlNkHI53GBu48FSSbhT_YpRHmbMAMjxmrmz9Vi3njw&oe=66D4C295&_nc_sid=10d13b,222104.0,h 90 h w p r 3 come august 22
3436128144794959714,2024-08-16T20:00:00.000Z,"canceling my plans tonight to perfect my breakdancing routine

üì∫: work it",https://www.instagram.com/p/C-vlFehOb9i/,55.347,2289036.0,https://scontent-dfw5-2.cdninstagram.com/o1/v/t16/f2/m69/An83M8OKQf0ohE8f5kg7jsYDZY4sb3NRNLn9twD_1aFm5It7RupxvBlBuvnR1PhVErWO5EFNqjjdu3gsLdJ3ODzt.mp4?stp=dst-mp4&efg=eyJxZV9ncm91cHMiOiJbXCJpZ193ZWJfZGVsaXZlcnlfdnRzX290ZlwiXSIsInZlbmNvZGVfdGFnIjoidnRzX3ZvZF91cmxnZW4uY2xpcHMuYzIuMTA4MC5iYXNlbGluZSJ9&_nc_cat=102&vs=373858249084476_81399146&_nc_vs=HBksFQIYOnBhc3N0aHJvdWdoX2V2ZXJzdG9yZS9HSEdHOVJOOVFZSm5NNGtHQU0wUlJzMFpTeVZ6YnBSMUFBQUYVAALIAQAVAhg6cGFzc3Rocm91Z2hfZXZlcnN0b3JlL0dDd3NLeHNQY1pHeVZMc0JBRHEyRzRrTks1NDhicV9FQUFBRhUCAsgBACgAGAAbABUAACbuzZLf%2FfaLQBUCKAJDMywXQEusan752yMYFmRhc2hfYmFzZWxpbmVfMTA4MHBfdjERAHX%2BBwA%3D&_nc_rid=a6d18af230&ccb=9-4&oh=00_AYAWF4MRQ7d4RnngfB-u8q3xxzLBPrbnLK7Eoo9nk82TDw&oe=66D4A9A5&_nc_sid=10d13b,646191.0,
3435324281770358203,2024-08-15T17:53:07.000Z,"i'm finally living out my dream in paris saying oui to every possibility #netflixgames

üéÆ: netflix stories: emily in paris",https://www.instagram.com/p/C-suTuvMjW7/,75.766,1438745.0,https://instagram.fmem1-1.fna.fbcdn.net/o1/v/t16/f2/m69/An-V4WIi5dgq7ld_ojiYiy9W9hbHbVNswwzV6LvNzS3SN6f8ECEG752XrYti4qbnhiZLb57FoWHtZyF2qY-Wy8RY.mp4?stp=dst-mp4&efg=eyJxZV9ncm91cHMiOiJbXCJpZ193ZWJfZGVsaXZlcnlfdnRzX290ZlwiXSIsInZlbmNvZGVfdGFnIjoidnRzX3ZvZF91cmxnZW4uY2xpcHMuYzIuMTkyMC5iYXNlbGluZSJ9&_nc_cat=103&vs=412623174655516_3718688991&_nc_vs=HBksFQIYOnBhc3N0aHJvdWdoX2V2ZXJzdG9yZS9HSEJJMndtZ09jcm1ETXNCQUtuNlBVdUcxWXBNYnBSMUFBQUYVAALIAQAVAhg6cGFzc3Rocm91Z2hfZXZlcnN0b3JlL0dIVU1LUnRUY0xwSzVjOEJBQnhEdFlHRkljaEVicV9FQUFBRhUCAsgBACgAGAAbABUAACbi1YmemJvFQRUCKAJDMywXQFLxBiTdLxsYFmRhc2hfYmFzZWxpbmVfMTA4MHBfdjERAHX%2BBwA%3D&_nc_rid=7e6ecf8a7d&ccb=9-4&oh=00_AYAqoZfDiSmVx3ym4Dhcgjsm86d7CAtNuS_tRu1Xgj7FTA&oe=66D4A07F&_nc_sid=10d13b,206172.0,
3435347248092984933,2024-08-15T19:00:03.000Z,"the cast crying while watching the ending has me in tears üò≠üò≠

üì∫: the umbrella academy: season 4",https://www.instagram.com/p/C-szh7ysrZl/,53.867,2117386.0,https://instagram.fmdz4-1.fna.fbcdn.net/o1/v/t16/f2/m69/An_gbHFuTRorydat3ZQ2ljI7Wy67yQAO1aQyhM8TR-dttDYOSNCLMNw9Dt4p7nh0OMQnKBYRkI_QUQCXAyWbwfHI.mp4?stp=dst-mp4&efg=eyJxZV9ncm91cHMiOiJbXCJpZ193ZWJfZGVsaXZlcnlfdnRzX290ZlwiXSIsInZlbmNvZGVfdGFnIjoidnRzX3ZvZF91cmxnZW4uY2xpcHMuYzIuMTA4MC5iYXNlbGluZSJ9&_nc_cat=109&vs=363884083424683_329530518&_nc_vs=HBksFQIYOnBhc3N0aHJvdWdoX2V2ZXJzdG9yZS9HSkdsOFJQck14QU9RNlFEQU9LUXRSUUJMajA2YnBSMUFBQUYVAALIAQAVAhg6cGFzc3Rocm91Z2hfZXZlcnN0b3JlL0dEbmpIaHRUcm9tREhtTUJBTVNIclNFVUFJQVdicV9FQUFBRhUCAsgBACgAGAAbABUAACag%2FdnfquXKPxUCKAJDMywXQErsKPXCj1wYFmRhc2hfYmFzZWxpbmVfMTA4MHBfdjERAHX%2BBwA%3D&_nc_rid=5fb6440f35&ccb=9-4&oh=00_AYAllE6orRurp1kryMitEIcoayNHVtqxKDiAr1uATOCV1g&oe=66D4D57D&_nc_sid=10d13b,552149.0,
3435312940792234722,2024-08-15T17:01:34.000Z,summer isn‚Äôt over yet. new episodes of THAT ‚Äò90S SHOW are dropping august 22!,https://www.instagram.com/p/C-srusoOULi/,155.502,1426211.0,https://instagram.famd1-3.fna.fbcdn.net/o1/v/t16/f2/m69/An9quNsi3SFwCfCwqb7EbLlTIvlOUPAhlDz4mD09FcxbyKlewCiQIWb8Js0jD9TPWzWMVci2tdIrDMDLFVn3_-yb.mp4?stp=dst-mp4&efg=eyJxZV9ncm91cHMiOiJbXCJpZ193ZWJfZGVsaXZlcnlfdnRzX290ZlwiXSIsInZlbmNvZGVfdGFnIjoidnRzX3ZvZF91cmxnZW4uY2xpcHMuYzIuMTA4MC5iYXNlbGluZSJ9&_nc_cat=111&vs=1547921189483677_1291384571&_nc_vs=HBksFQIYOnBhc3N0aHJvdWdoX2V2ZXJzdG9yZS9HTG5rSkFkeWcxUFd4bndCQUhPZk9RWEFiUVJXYnBSMUFBQUYVAALIAQAVAhg6cGFzc3Rocm91Z2hfZXZlcnN0b3JlL0dIcHdLUnZmZWVVS3ZKUURBTVBoZDNpQzNMc2FicV9FQUFBRhUCAsgBACgAGAAbABUAACaKhebDyprfPxUCKAJDMywXQGNvnbItDlYYFmRhc2hfYmFzZWxpbmVfMTA4MHBfdjERAHX%2BBwA%3D&_nc_rid=7bfca94436&ccb=9-4&oh=00_AYAc1NS07CH5eqUsQKd3Y0EeOlWiKxfuCLRKpjx8rAlXnQ&oe=66D49EF6&_nc_sid=10d13b,461229.0,h 90 h w drop august 22
3435281427870705268,2024-08-15T16:00:03.000Z,never have i ever been to a party like this. INCOMING premieres august 23,https://www.instagram.com/p/C-skkH7uuZ0/,86.544,1710367.0,https://scontent-lax3-2.cdninstagram.com/o1/v/t16/f2/m69/An9K4XcQ9bdVFO6jWPoFgYOD9MFDC9qJszaPOIOoJ7W8bHYmjk1BOrkqZJzjRznrgoyKVh9C5e_lX8uFQhS87-0.mp4?stp=dst-mp4&efg=eyJxZV9ncm91cHMiOiJbXCJpZ193ZWJfZGVsaXZlcnlfdnRzX290ZlwiXSIsInZlbmNvZGVfdGFnIjoidnRzX3ZvZF91cmxnZW4uY2xpcHMuYzIuMTA4MC5iYXNlbGluZSJ9&_nc_cat=103&vs=532760365933813_3901720254&_nc_vs=HBksFQIYOnBhc3N0aHJvdWdoX2V2ZXJzdG9yZS9HR09yNWdLTnVPbGJ6YkVCQVA2UmVDNWU1UGRvYnBSMUFBQUYVAALIAQAVAhg6cGFzc3Rocm91Z2hfZXZlcnN0b3JlL0dNYUdLQnNqcGdxSC1qNEVBSl94eUUtUjc5WTFicV9FQUFBRhUCAsgBACgAGAAbABUAACayztTjkrKDQBUCKAJDMywXQFWi0OVgQYkYFmRhc2hfYmFzZWxpbmVfMTA4MHBfdjERAHX%2BBwA%3D&_nc_rid=fede25bba6&ccb=9-4&oh=00_AYB23dlMlRBr-oegWRtaGZkCg8_xKFt7t9_AntKnkPFGbQ&oe=66D4D2A1&_nc_sid=10d13b,428670.0,n c n g premier august 23
3435221631104687999,2024-08-15T14:00:09.000Z,built by pogues ‚Äî for pogues!,https://www.instagram.com/p/C-sW992u59_/,84.31,2543763.0,https://instagram.frsa2-1.fna.fbcdn.net/o1/v/t16/f2/m69/An82ngxmMenq6i4qiWDnC2Tm6-_dL4a8S4AcFaK4Bb7ifX-5x-cKaVv2ZnGqnLpyk7kBw2XRAkAdakQmBilLp-M.mp4?stp=dst-mp4&efg=eyJxZV9ncm91cHMiOiJbXCJpZ193ZWJfZGVsaXZlcnlfdnRzX290ZlwiXSIsInZlbmNvZGVfdGFnIjoidnRzX3ZvZF91cmxnZW4uY2xpcHMuYzIuMTA4MC5iYXNlbGluZSJ9&_nc_cat=111&vs=515173681170133_1496011362&_nc_vs=HBksFQIYOnBhc3N0aHJvdWdoX2V2ZXJzdG9yZS9HRFNTSHdOWnRYbjQ0WFFHQUl4ajVHaWFZUHA4YnBSMUFBQUYVAALIAQAVAhg6cGFzc3Rocm91Z2hfZXZlcnN0b3JlL0dHbEZLUnU2TFR0a2Vxc0JBRGZfdXIwNWduMHJicV9FQUFBRhUCAsgBACgAGAAbABUAACbmu4qNiYSJQBUCKAJDMywXQFUS8an7520YFmRhc2hfYmFzZWxpbmVfMTA4MHBfdjERAHX%2BBwA%3D&_nc_rid=dc5d9fba39&ccb=9-4&oh=00_AYA6_qnS_yhr-ExHS2yCioe2G5Furj9w-KApS8YLHnCcUg&oe=66D4A5D5&_nc_sid=10d13b,590194.0,
3435251553260873230,2024-08-15T15:00:04.000Z,let‚Äôs talk about teenage years @markwahlberg @halleberry. THE UNION premieres august 16,https://www.instagram.com/p/C-sdxZCOSYO/,58.933,2631411.0,https://instagram.fdel12-1.fna.fbcdn.net/o1/v/t16/f2/m69/An_5um7qUC1oMCaDsh7_j220agO21RA6WhBTLI_DACMsu1mi1Fu2URt1GIe5Rs37mvM6BGorEF15knO5FT0QgZtU.mp4?stp=dst-mp4&efg=eyJxZV9ncm91cHMiOiJbXCJpZ193ZWJfZGVsaXZlcnlfdnRzX290ZlwiXSIsInZlbmNvZGVfdGFnIjoidnRzX3ZvZF91cmxnZW4uY2xpcHMuYzIuMTA4MC5iYXNlbGluZSJ9&_nc_cat=107&vs=492401710095934_3320077003&_nc_vs=HBksFQIYOnBhc3N0aHJvdWdoX2V2ZXJzdG9yZS9HR3FJd0FKbDBlN1d6NUVGQURSYTMtUGdad1owYnBSMUFBQUYVAALIAQAVAhg6cGFzc3Rocm91Z2hfZXZlcnN0b3JlL0dQQWNKQnRyZVlUM256c0VBQkFKMmdSc1RycGxicV9FQUFBRhUCAsgBACgAGAAbABUAACacmJLm1YWRQBUCKAJDMywXQE13bItDlYEYFmRhc2hfYmFzZWxpbmVfMTA4MHBfdjERAHX%2BBwA%3D&_nc_rid=6ecb6300ee&ccb=9-4&oh=00_AYCWfbmTvi7fkPartlInTLtkf_88A0m1bQw_Hx4wq2yzQg&oe=66D4CBD6&_nc_sid=10d13b,913927.0,h e u n n premier august 16
